term,variable,level,reference,adjusted_odds_ratio,ci_lower,ci_upper,log_odds_coefficient,standard_error
age_group: 40-59,age_group,40-59,20-39,1.3787938111586444,1.1383202970520712,1.6700680631036993,0.32120906707974567,0.09778512073674504
age_group: 60-79,age_group,60-79,20-39,1.4859716799704574,1.2199113753943538,1.8100592208679258,0.39606888822059705,0.10066035742985939
age_group: 80+,age_group,80+,20-39,0.928468438393844,0.6722061136755283,1.2824245771582103,-0.07421889080390515,0.16478434320811747
sex: Female,sex,Female,Male,1.081652574932008,0.9222482829422554,1.268608805781099,0.07849003360524584,0.08134375895866763
race_ethnicity: Mexican American,race_ethnicity,Mexican American,Non-Hispanic White,1.3900107111743103,1.0848016615320724,1.781090355678984,0.32931145299370895,0.12648920342317885
race_ethnicity: Other Hispanic,race_ethnicity,Other Hispanic,Non-Hispanic White,0.9549670080712509,0.7463430486803811,1.2219072558081816,-0.046078485620402045,0.12576325382672485
race_ethnicity: Non-Hispanic Black,race_ethnicity,Non-Hispanic Black,Non-Hispanic White,1.3997817823477958,1.1977421636651768,1.6359021980130526,0.3363163547206864,0.07953110451867212
race_ethnicity: Non-Hispanic Asian,race_ethnicity,Non-Hispanic Asian,Non-Hispanic White,0.25673020330531854,0.211235100935592,0.3120238871156505,-1.3597295380914138,0.09951917830876818
race_ethnicity: Other / Multiracial,race_ethnicity,Other / Multiracial,Non-Hispanic White,1.425492136317899,0.9724955908042073,2.0894982454612236,0.354517112917562,0.1951091210405773
