subgroup,level,unweighted_n,weighted_estimate,standard_error,ci_lower,ci_upper
Overall,All adults,8295,0.3773943670834901,0.011024124025236684,0.35578748103292346,0.39900125313405677
age_group,20-39,2489,0.3314185579689849,0.018380772889252897,0.295392905098039,0.3674442108399308
age_group,40-59,2765,0.40306216508312104,0.016802310475788416,0.37013024169351566,0.4359940884727264
age_group,60-79,2511,0.41817041744235856,0.017493430400269402,0.38388392389177245,0.45245691099294466
age_group,80+,530,0.31321601988197706,0.0229275736372518,0.26827880130007353,0.3581532384638806
sex,Female,4244,0.3857761023099148,0.011845919727591041,0.36255852628008384,0.4089936783397458
sex,Male,4051,0.3685056668874012,0.0167272506671248,0.335720858019463,0.40129047575533944
race_ethnicity,Non-Hispanic Asian,1014,0.13256399648363243,0.009913952064314833,0.11313300749311883,0.15199498547414603
race_ethnicity,Non-Hispanic White,2866,0.3761018580167253,0.015926886556573188,0.3448857339799867,0.4073179820534639
race_ethnicity,Other / Multiracial,396,0.45617915682157534,0.04138658340822515,0.3750629438982911,0.5372953697448596
race_ethnicity,Mexican American,957,0.4411111753822507,0.021775197198425647,0.3984325731170789,0.4837897776474225
race_ethnicity,Non-Hispanic Black,2213,0.45214571149423083,0.012060034635339325,0.4285084779566601,0.4757829450318016
race_ethnicity,Other Hispanic,849,0.35836789556418014,0.02257839787904514,0.31411504889263614,0.40262074223572414
